,x,V2,V3,V4,V5,V6,V7,V8,V9,V10,V11,V12,V13,V14,V15,V16,V17,V18,V19,V20,V21,V22,V23,V24,V25,V26,V27,V28,V29,V30,V31,V32,V33,V34,V35,V36,V37,V38,V39,V40,V41,V42,V43,V44,V45,V46,V47,V48,V49,V50,V51,V52,V53,V54,V55,V56,V57,V58,V59,V60,V61,V62,V63,V64,V65,V66,V67,V68,V69,V70,V71,V72,V73,V74,V75,V76,V77,V78,V79,V80,V81,V82,V83,V84,V85,V86,V87,V88,V89,V90,V91,V92,V93,V94,V95,V96,V97,V98,V99,V100,V101,V102,V103,V104,V105,V106,V107,V108,V109,V110,V111,V112,V113,V114,V115,V116,V117,V118,V119,V120,V121,V122,V123,V124,V125,V126,V127,V128,V129,V130,V131,V132,V133,V134,V135,V136,V137,V138,V139,V140,V141,V142,V143,V144,V145,V146,V147,V148,V149,V150,V151,V152,V153,V154,V155,V156,V157,V158,V159,V160,V161,V162,V163,V164,V165,V166,V167,V168,V169,V170,V171,V172,V173,V174,V175,V176,V177,V178,V179,V180,V181,V182,V183,V184,V185,V186,V187,V188,V189,V190,V191,V192,V193,V194,V195,V196,V197,V198,V199,V200
1,10,6,5,8,8,8,6,8,7,5,4,6,6,5,7,11,14,14,13,10,8,9,6,6,6,6,4,5,5,5,4,6,6,7,9,8,10,11,10,6,3,7,7,7,8,9,8,5,5,4,5,7,7,8,9,11,12,17,16,11,15,13,11,10,10,9,8,7,5,5,5,4,4,3,3,4,5,4,2,1,0,0,0,0,2,2,2,0,3,5,7,7,6,7,7,10,16,17,13,13,14,12,12,10,12,8,11,13,11,10,9,7,9,11,9,13,9,10,10,11,11,10,10,8,9,8,5,4,3,5,7,7,6,9,8,8,8,5,6,5,7,4,6,5,5,4,5,5,4,5,3,4,6,9,7,8,7,5,3,3,3,4,6,10,9,7,8,7,6,5,5,6,6,3,4,5,5,6,6,5,6,5,4,4,4,6,10,13,7,3,5,4,5,4,5,2,4,3,6,6
2,11,11,9,10,7,6,7,7,7,8,9,7,10,9,11,11,12,8,7,5,3,4,5,7,7,6,5,4,5,5,5,5,7,5,4,7,10,8,10,6,6,5,6,8,9,6,5,2,4,4,6,5,6,8,9,8,13,11,14,14,13,13,9,9,7,8,8,7,5,6,6,6,5,4,5,6,8,8,8,7,3,2,1,2,3,3,3,2,3,3,6,6,6,6,11,13,13,14,11,11,8,10,9,10,9,5,6,7,8,7,6,8,7,9,10,11,10,10,11,9,9,5,7,8,7,10,9,7,5,5,2,5,4,4,4,4,3,3,4,4,5,3,3,3,3,3,3,3,3,1,0,0,0,0,0,1,1,1,1,1,2,2,3,4,3,4,5,4,4,3,4,6,6,4,4,4,4,4,4,4,5,5,4,4,5,7,10,11,9,8,5,6,6,5,5,5,5,4,3,3
3,8,10,7,8,6,11,10,11,10,10,13,12,13,13,18,13,15,8,5,3,4,4,7,8,8,8,5,7,9,8,9,9,9,10,12,12,18,13,15,10,7,5,4,5,6,4,5,3,4,6,8,5,6,7,6,6,10,9,10,14,11,8,10,7,7,5,7,7,4,6,5,6,4,5,11,10,10,9,9,10,6,7,5,9,6,4,7,6,5,5,2,4,8,8,9,7,2,2,4,8,8,8,8,6,5,6,4,6,5,4,8,9,5,9,7,8,11,8,9,8,6,4,6,8,5,7,7,6,6,5,4,4,4,3,4,5,7,5,8,9,5,5,7,5,4,4,3,4,7,6,5,4,5,5,4,6,6,4,5,4,4,5,5,5,4,6,6,6,6,6,7,6,5,4,4,4,4,4,4,4,4,6,6,6,7,6,7,8,8,9,6,8,7,7,11,12,9,7,5,4
4,7,7,4,5,6,11,9,9,8,7,9,10,7,9,13,10,13,11,8,5,5,3,5,6,9,8,5,11,13,9,8,7,4,7,9,7,13,10,10,9,4,3,3,3,2,4,6,5,5,4,4,3,5,6,5,6,6,7,7,9,10,6,8,5,6,4,7,6,4,5,5,4,6,7,13,11,9,7,8,9,8,10,7,10,7,5,8,8,10,11,6,9,8,7,7,7,4,4,8,10,9,11,8,4,5,7,5,6,6,3,5,10,8,10,10,10,12,7,6,7,5,7,7,7,5,6,5,7,8,5,7,6,5,7,9,9,9,10,16,13,7,7,9,6,5,6,6,5,6,7,10,11,13,11,10,12,12,10,10,8,6,8,10,7,6,7,6,7,7,5,6,4,4,3,3,3,3,3,3,3,3,5,4,4,4,3,2,2,2,2,2,3,3,5,9,9,9,6,5,5
5,11,11,5,7,8,8,8,11,14,14,13,10,9,9,13,12,9,11,12,8,6,3,3,3,8,7,5,9,9,5,3,2,1,1,1,2,5,4,8,7,8,6,5,3,3,4,3,2,5,3,4,2,4,5,6,5,5,3,7,5,7,5,4,4,3,4,4,2,5,4,6,7,7,7,9,6,4,4,5,4,4,5,3,2,4,4,3,3,6,7,5,6,3,3,5,5,5,5,7,8,6,9,7,6,6,5,4,5,8,4,2,5,4,5,6,6,7,2,2,3,2,4,4,3,6,6,5,6,5,4,5,6,5,6,7,6,8,12,14,7,7,7,10,9,7,7,8,7,5,3,10,11,14,10,10,12,8,9,8,10,8,11,13,10,8,8,9,10,10,8,9,6,7,7,8,5,5,5,5,7,7,4,5,4,4,2,1,0,0,3,2,5,5,6,7,6,6,4,6,6
6,12,11,5,5,6,6,6,12,14,14,12,10,12,11,16,15,11,15,14,10,8,4,6,6,6,6,7,10,6,5,4,4,4,4,4,11,9,11,11,12,12,9,10,8,8,9,6,5,5,5,5,3,4,4,5,5,7,5,8,7,6,4,4,4,4,6,5,4,7,5,8,10,7,10,9,7,7,5,6,5,4,4,5,6,3,4,4,1,1,1,1,1,3,2,2,4,6,10,9,10,8,8,6,7,4,2,3,6,4,2,0,2,1,1,1,1,1,1,2,3,2,2,1,1,2,2,1,0,0,2,2,3,4,2,2,2,5,7,6,3,5,6,8,7,7,7,9,11,10,6,9,7,10,7,7,9,5,6,7,9,7,9,9,8,7,8,9,9,9,10,11,8,7,6,8,4,4,4,4,6,6,3,5,4,4,2,1,0,0,3,2,5,5,6,7,5,4,2,4,3
7,10,10,4,5,6,5,7,8,7,6,4,5,9,10,11,10,12,10,11,10,7,5,9,8,8,9,11,9,7,7,7,6,5,4,5,9,6,10,7,8,8,6,7,7,6,8,6,6,6,6,5,4,4,4,4,4,6,6,5,5,4,4,2,2,3,4,3,3,5,5,6,7,7,8,7,6,7,4,6,5,6,7,7,8,2,2,3,2,2,2,2,5,6,7,7,7,9,8,7,7,6,5,4,6,5,4,5,6,3,3,2,3,1,1,2,3,4,4,5,6,4,2,4,2,5,5,5,5,3,5,5,7,5,3,3,2,1,1,3,2,3,4,4,5,5,7,9,11,8,7,7,6,7,7,8,8,7,9,10,15,12,11,11,9,7,10,7,8,9,9,12,8,8,6,5,3,3,2,4,6,8,8,4,6,9,6,4,6,4,6,7,7,9,9,7,4,6,4,3,6
8,11,10,6,9,10,5,9,11,8,6,7,4,8,9,10,12,16,12,13,13,11,9,13,11,13,12,14,13,8,6,6,6,8,7,6,7,10,11,9,7,7,4,3,2,5,5,3,5,6,6,6,5,6,5,5,5,5,6,7,5,3,3,0,1,3,3,1,1,3,5,5,6,6,3,3,4,4,2,5,5,7,8,7,5,3,2,2,3,4,5,4,7,6,8,8,7,8,5,3,2,2,2,4,5,5,4,3,3,3,3,2,2,0,1,2,4,5,5,6,7,5,4,6,3,8,8,8,7,4,6,6,9,7,5,4,3,3,2,4,4,4,4,5,4,4,5,3,4,6,5,4,4,3,4,3,6,8,10,7,13,11,10,8,5,6,8,6,7,6,8,10,9,8,8,7,10,8,5,7,9,9,8,4,6,10,7,4,6,4,6,7,7,12,13,11,8,9,9,13,12
9,12,9,9,11,11,6,7,9,10,9,10,8,10,9,10,11,14,12,14,10,10,10,12,12,11,9,9,10,7,6,6,9,10,12,8,10,13,13,10,10,9,9,4,4,7,7,7,7,4,4,4,7,7,8,7,9,11,12,13,9,6,8,5,3,5,7,8,5,6,10,10,11,12,7,7,6,4,3,8,9,9,6,9,6,5,5,5,4,6,6,5,5,5,7,6,8,5,5,2,1,2,6,8,7,8,6,6,7,6,6,5,7,3,2,2,3,5,8,7,6,5,8,8,6,8,6,6,5,5,4,4,8,6,5,5,9,7,7,10,8,8,8,10,8,7,6,4,3,5,3,2,2,2,3,1,4,6,6,3,7,7,6,7,6,7,7,7,7,7,9,8,9,5,7,8,11,9,6,9,9,5,4,6,3,3,2,1,3,2,2,1,1,4,7,7,9,9,10,14,10
10,10,8,6,7,8,7,5,6,8,9,10,12,13,14,15,13,13,16,19,14,11,13,8,9,7,5,6,5,6,7,7,9,9,10,8,15,13,13,9,12,11,9,9,7,9,8,9,7,6,6,8,9,8,12,10,12,14,12,11,10,9,9,7,4,8,10,8,5,5,7,11,11,11,7,6,5,7,5,5,7,7,4,7,4,4,4,7,7,8,8,7,7,8,7,6,6,3,3,3,3,3,5,7,6,9,7,7,10,12,10,9,11,11,4,4,5,10,12,10,8,8,11,10,10,10,8,5,6,9,8,7,9,5,6,9,12,10,9,11,8,8,8,9,7,5,5,6,4,2,2,2,2,2,1,2,4,4,2,0,0,1,1,2,3,3,2,2,2,4,5,5,4,4,5,6,5,5,5,5,6,6,5,7,4,4,2,3,4,3,3,0,0,0,2,4,11,10,8,7,6
11,8,7,5,8,8,7,6,12,12,9,12,11,12,15,15,13,13,18,16,17,13,14,6,6,6,5,5,6,6,5,6,7,7,6,6,16,15,12,15,16,9,8,10,5,9,9,6,5,5,7,7,10,9,13,11,12,11,9,10,8,6,6,5,3,7,7,5,3,2,2,5,6,7,8,7,8,11,8,5,4,4,5,3,3,3,3,6,6,6,8,8,7,9,5,5,4,5,4,5,4,4,2,1,3,4,3,3,6,8,6,5,5,8,4,4,4,9,10,7,5,5,5,5,5,6,5,3,4,6,6,6,4,1,4,6,6,8,6,4,4,4,6,5,5,4,5,5,6,9,6,7,9,7,9,7,10,9,7,7,8,6,7,9,5,6,3,4,4,5,5,4,8,7,8,7,10,8,8,10,7,6,6,6,5,6,6,5,7,7,8,5,4,2,3,4,9,7,8,7,6
12,7,7,7,7,7,6,4,8,9,8,10,6,6,10,10,12,7,8,6,10,9,10,9,8,7,10,8,7,6,6,8,10,9,9,8,10,13,12,13,13,10,8,4,0,3,4,2,1,3,6,4,6,6,9,8,7,7,7,8,5,3,4,4,3,4,4,5,3,1,0,1,2,3,4,4,7,7,6,5,5,5,6,4,4,5,4,5,4,4,4,3,3,4,5,8,6,7,6,6,5,6,4,1,2,1,3,3,2,1,1,2,3,3,4,4,4,6,9,7,5,5,3,3,4,4,4,4,3,4,3,4,4,4,4,6,6,5,3,1,2,4,6,5,6,8,7,8,9,10,7,8,9,7,10,7,8,7,6,8,9,7,8,10,5,8,6,7,7,7,6,2,9,8,8,7,11,8,11,13,8,5,6,6,6,6,8,7,8,9,10,9,7,5,5,7,9,5,5,3,3
13,8,8,7,8,6,5,5,4,4,6,5,7,7,10,10,10,8,8,7,9,8,9,8,9,7,9,8,9,8,7,10,12,12,11,13,13,9,10,11,8,8,7,2,1,0,1,1,1,3,4,3,2,4,7,8,5,3,3,10,10,9,7,9,6,5,7,4,6,5,6,7,5,5,7,7,10,10,9,6,5,7,8,6,5,7,3,4,4,4,4,5,4,3,8,10,8,5,5,6,7,8,7,1,1,1,6,6,8,1,1,3,5,7,9,8,6,6,6,6,6,8,7,7,8,8,6,5,4,5,5,6,8,7,4,6,6,5,5,5,7,8,8,7,8,8,7,9,10,8,10,8,5,7,7,5,4,4,2,2,3,2,2,2,1,4,4,4,3,4,3,2,4,3,4,3,4,3,5,4,3,1,2,2,4,3,5,5,5,6,6,6,5,5,4,5,7,3,3,1,2
14,9,7,5,8,5,4,6,6,7,8,8,10,10,13,13,12,14,13,14,10,9,8,6,6,7,7,7,7,6,6,8,7,9,9,11,12,6,4,4,3,4,6,4,6,5,7,6,6,6,6,3,5,5,8,8,6,4,4,10,10,9,7,10,8,6,8,4,7,7,8,8,8,4,6,7,9,10,9,10,9,9,9,7,6,8,1,1,1,2,4,6,5,5,9,10,7,4,4,7,7,7,6,4,6,5,9,7,9,7,8,6,5,8,10,12,9,8,7,7,11,9,6,6,7,6,7,6,8,8,7,8,8,6,6,7,9,8,9,8,9,7,8,8,8,4,5,6,7,8,9,9,8,9,8,5,5,5,2,1,4,3,5,3,3,2,2,4,5,3,4,4,5,3,5,6,7,6,5,6,8,8,10,8,8,5,6,4,5,5,5,6,9,9,10,9,5,4,6,2,6
15,6,7,6,4,5,3,4,8,9,10,8,6,6,11,13,15,12,12,12,7,7,6,5,3,6,8,6,4,2,4,4,1,5,6,4,5,5,4,2,2,3,3,3,5,6,7,5,6,6,6,4,5,6,11,9,7,3,1,1,4,3,5,5,6,5,5,3,3,3,5,4,5,3,3,3,2,3,4,8,11,9,11,9,8,6,0,1,3,3,7,7,8,8,7,7,7,5,7,8,6,6,3,4,8,9,8,6,5,7,8,9,8,9,9,11,9,9,9,10,11,6,4,4,3,3,5,6,8,8,5,5,6,5,6,6,7,8,7,5,4,4,5,6,6,4,5,5,5,4,3,6,7,6,6,4,6,7,2,1,4,3,5,4,5,4,4,5,8,6,7,8,8,8,9,10,9,7,7,9,13,12,13,10,7,5,5,4,6,7,7,10,13,11,11,11,7,6,7,6,8
16,7,7,6,6,6,5,6,8,7,8,7,4,3,8,13,11,9,10,5,7,6,3,2,4,6,8,7,3,5,5,4,3,6,5,3,0,2,2,3,3,2,0,0,0,1,2,2,2,3,6,9,7,6,11,8,7,9,6,6,9,6,11,6,5,4,3,4,2,2,4,4,3,4,3,3,4,3,3,5,9,9,9,7,9,6,4,4,3,4,7,9,10,11,8,8,11,11,12,14,8,7,6,6,8,10,6,4,6,4,3,6,8,8,9,12,11,11,10,11,10,8,9,9,5,5,5,4,9,8,10,8,9,9,3,3,3,4,5,7,9,9,5,6,9,9,8,7,7,6,4,4,4,4,6,5,7,7,4,5,5,4,6,6,6,7,5,5,6,6,6,8,8,8,8,10,9,6,7,7,14,11,10,9,6,6,8,6,4,6,6,8,9,9,7,6,8,10,8,9,6
17,9,8,4,7,5,7,6,8,10,9,10,9,7,9,16,16,12,8,2,3,3,1,0,4,7,8,8,8,8,7,6,8,7,4,4,3,5,5,11,9,8,5,5,6,6,7,12,9,10,10,9,11,8,10,6,7,9,9,8,6,3,6,2,3,4,3,4,4,4,2,5,4,3,3,3,7,7,6,5,4,5,4,3,5,6,6,7,5,5,5,6,6,10,9,10,10,10,9,13,8,8,8,8,8,9,5,3,6,5,3,3,5,5,6,10,10,9,9,9,10,10,10,10,8,8,8,6,11,10,11,9,9,9,7,6,5,3,9,11,16,14,9,7,9,9,8,7,9,8,9,6,3,3,6,6,8,6,10,7,7,5,8,7,7,7,4,5,6,6,6,5,6,7,7,6,7,7,9,7,13,9,7,7,10,12,13,12,8,8,7,7,8,10,7,10,12,14,7,8,5
18,10,10,7,8,8,8,6,4,5,6,6,7,8,12,14,16,14,13,9,10,8,8,3,3,4,5,4,9,7,5,5,7,6,5,5,5,5,5,10,8,9,8,9,11,10,9,14,12,12,10,10,14,13,13,8,9,11,11,9,8,8,5,7,7,8,6,7,8,6,3,7,8,8,6,5,8,9,8,6,2,2,2,2,3,7,6,7,5,9,8,7,6,7,8,8,10,5,5,6,7,7,7,8,5,4,2,3,4,4,3,3,4,7,7,6,5,4,4,6,6,5,5,5,5,5,5,5,5,5,5,6,6,6,6,5,5,3,7,7,10,9,7,5,6,5,6,6,10,9,8,5,2,4,8,8,10,9,12,10,11,6,8,9,9,7,5,5,8,9,8,7,7,9,6,3,2,4,5,4,5,6,6,4,9,11,11,10,9,7,8,6,7,4,3,6,7,7,3,3,4
19,9,7,6,5,7,8,7,3,0,1,1,2,4,8,9,10,10,12,10,10,8,8,3,2,3,3,3,6,5,4,1,1,1,0,1,2,1,1,3,3,6,5,7,8,5,5,6,5,8,7,9,12,15,13,11,12,14,15,11,10,11,7,9,8,7,5,7,8,8,5,5,6,8,6,5,5,6,6,5,1,1,3,5,4,7,5,4,3,10,9,7,7,8,8,10,13,11,10,10,10,10,12,11,8,5,4,6,6,8,7,7,7,12,13,12,11,9,5,6,6,9,8,7,3,6,6,5,4,4,5,5,6,5,2,2,2,3,3,2,5,6,4,3,4,4,5,7,10,10,3,4,3,7,11,11,9,11,10,11,11,10,10,10,9,7,4,4,6,7,7,7,7,7,4,2,2,4,2,1,1,5,6,4,7,8,8,6,4,6,8,10,8,2,2,2,1,3,3,2,2
20,6,3,1,2,2,4,4,4,4,6,4,7,8,6,8,7,9,8,7,6,5,2,0,0,2,2,2,4,4,4,1,1,1,1,1,2,1,1,2,2,4,2,4,4,3,4,4,5,8,7,7,7,10,9,9,7,6,8,5,3,5,4,5,5,3,4,5,5,5,2,2,6,5,6,4,4,5,6,5,5,4,4,7,7,7,4,1,0,3,6,7,8,9,7,6,8,10,10,9,5,6,8,8,8,3,4,6,6,8,6,6,6,8,9,9,10,10,8,6,5,9,8,7,6,10,9,8,4,6,5,6,8,8,5,5,5,6,5,4,7,7,5,4,5,5,4,5,6,7,3,5,5,7,9,11,9,8,8,10,11,10,11,11,10,10,9,9,9,8,7,7,5,3,6,3,6,8,7,7,6,8,7,4,9,8,8,6,6,10,11,9,8,5,6,7,4,5,6,13,7
21,6,5,4,4,3,5,3,4,5,6,5,8,8,6,7,8,6,5,5,5,5,3,2,2,1,2,1,0,1,0,1,4,4,6,5,7,9,10,8,7,5,10,8,8,7,11,11,12,9,6,5,8,4,3,2,1,0,1,1,0,2,3,4,5,4,5,6,5,5,5,7,11,10,12,10,10,10,11,7,9,7,8,10,10,8,5,5,2,3,10,12,11,7,4,3,4,5,6,4,1,2,2,3,3,1,2,3,3,3,2,2,2,2,3,3,3,6,7,7,5,5,5,5,6,6,6,6,3,5,4,5,6,7,6,6,6,6,6,6,8,7,6,6,7,6,4,3,4,3,1,5,7,6,8,9,5,3,6,9,7,6,6,7,6,6,6,6,7,8,9,6,4,3,5,4,6,6,8,8,6,7,7,5,8,8,6,5,5,6,6,7,8,6,6,7,5,5,7,14,10
22,8,9,7,8,8,7,8,11,10,7,7,5,3,4,3,4,5,5,3,1,2,4,6,6,4,2,1,0,2,2,1,5,6,8,6,7,8,11,8,7,4,13,9,7,8,12,11,10,11,8,8,10,5,8,6,9,8,12,9,8,11,6,7,6,7,7,9,10,9,8,13,14,9,9,9,9,9,6,4,7,9,8,10,11,8,8,7,6,10,12,9,11,6,6,6,9,10,8,2,1,2,2,2,1,2,4,3,3,2,3,3,5,4,8,6,3,4,4,5,4,4,4,4,4,3,6,7,6,5,5,5,4,4,6,5,5,7,7,9,9,9,8,8,6,7,6,6,5,5,4,8,9,6,7,8,7,7,4,6,4,4,6,5,4,4,2,2,4,5,6,6,6,5,4,3,3,4,5,2,3,3,3,5,6,8,4,3,4,7,6,10,9,8,9,9,8,6,5,6,4
23,6,7,6,7,7,7,9,12,10,7,6,4,2,3,3,4,7,6,4,2,2,4,5,5,4,1,1,2,3,6,3,4,5,7,9,8,6,6,4,6,6,8,5,10,8,10,5,5,8,9,8,10,10,13,11,13,14,17,16,13,13,8,8,6,6,8,9,9,5,5,8,9,4,5,4,4,7,3,2,4,6,7,10,9,7,7,6,6,10,13,9,13,10,8,9,12,12,10,6,5,6,7,7,5,3,4,2,2,1,2,2,5,4,7,5,1,1,1,1,1,1,1,1,1,2,3,6,5,3,3,3,2,2,5,4,3,5,4,6,6,8,6,4,2,3,3,3,3,5,3,4,4,3,4,6,6,9,7,6,6,8,6,4,4,4,3,3,6,5,4,6,6,7,7,5,6,9,7,4,5,5,6,7,9,10,9,7,8,9,8,7,5,7,8,9,8,8,6,5,2
24,6,5,5,6,7,7,8,8,7,7,8,7,6,6,5,8,7,8,7,7,4,3,3,3,4,4,4,6,5,7,6,6,9,13,10,12,12,8,8,10,12,8,6,12,13,13,9,9,7,7,5,7,10,8,7,7,9,9,11,8,6,6,5,3,2,3,5,5,3,3,3,5,5,6,9,9,10,8,7,4,3,5,7,7,4,4,6,5,7,12,11,12,11,12,9,10,7,9,5,6,6,9,6,4,2,1,0,0,0,0,0,1,1,1,1,0,0,0,0,0,0,0,0,0,1,0,1,1,0,1,2,2,3,5,4,5,7,9,6,8,8,5,2,2,1,1,1,2,3,3,5,5,7,9,7,8,9,7,8,7,7,4,3,3,3,5,5,7,6,5,4,6,9,10,10,7,10,7,6,5,5,5,6,7,9,9,7,10,10,8,8,4,6,7,5,6,9,9,7,6
25,8,7,5,3,4,4,6,6,8,7,9,7,9,10,11,13,12,13,10,8,5,8,10,7,9,10,9,9,8,6,7,7,12,14,7,12,13,10,13,13,12,8,7,9,12,12,14,15,12,9,9,7,8,5,5,5,7,9,8,7,5,7,7,5,5,4,5,6,5,5,5,8,8,8,12,11,9,8,8,8,7,4,5,4,3,4,5,6,6,7,9,10,10,10,6,5,6,7,3,5,3,5,4,1,1,0,0,0,0,1,3,3,2,3,3,3,3,3,3,4,4,3,3,3,3,3,4,2,4,4,6,5,3,5,4,5,8,10,7,8,7,5,5,6,5,5,4,4,2,4,7,8,8,7,7,6,7,4,8,7,5,5,5,5,5,7,8,8,7,8,7,8,7,7,8,5,7,6,4,6,6,5,7,6,7,9,5,9,9,7,10,9,11,13,10,8,9,8,6,6
26,8,10,6,5,4,2,5,4,5,3,4,4,5,7,11,11,11,13,11,9,9,12,12,7,6,8,6,5,5,5,5,4,7,7,5,6,8,5,8,9,7,6,5,7,9,11,13,15,14,12,12,13,12,11,10,13,11,15,10,7,3,5,5,6,11,11,8,9,7,9,10,8,6,5,5,3,2,2,5,5,5,4,7,8,7,7,5,8,8,7,5,5,5,5,3,2,3,3,2,3,3,3,3,1,1,0,0,1,1,2,3,3,2,3,3,4,4,4,5,5,5,3,5,5,4,4,6,6,10,8,6,4,3,5,3,3,8,6,5,4,5,6,5,7,7,8,6,5,4,6,6,10,11,9,10,7,4,5,5,6,6,7,10,10,10,7,8,8,7,7,9,8,7,7,5,5,6,7,7,7,7,8,7,7,7,7,6,6,6,4,7,8,9,8,9,5,6,4,4,6
27,6,7,5,6,5,4,6,5,4,4,6,8,4,6,7,5,5,9,9,7,8,6,4,4,1,2,5,4,4,4,4,4,5,7,7,6,7,8,5,4,3,4,7,7,9,10,14,12,13,13,14,13,13,11,9,12,11,13,8,4,1,1,2,3,7,7,5,6,4,6,7,7,5,3,1,0,0,0,1,1,1,2,5,8,8,7,4,7,7,8,5,3,4,6,5,6,4,4,4,4,5,5,5,4,4,3,4,4,1,2,1,5,7,6,2,3,5,5,5,2,3,2,4,3,2,2,3,7,8,6,5,4,6,6,5,4,12,8,5,6,5,6,5,6,6,7,5,6,6,6,5,8,11,14,11,9,6,8,6,7,5,7,11,11,11,8,8,8,5,6,6,4,6,7,6,6,7,7,8,6,7,8,7,7,7,5,8,7,9,8,7,6,5,5,8,4,8,7,8,10
28,6,7,5,6,5,5,2,2,1,2,4,5,3,4,3,2,2,2,2,0,1,0,0,2,1,3,6,4,4,3,3,4,4,7,8,7,7,8,5,3,3,4,7,6,7,6,10,6,8,8,9,6,7,6,4,8,8,9,6,5,4,1,1,2,1,2,2,1,1,1,1,3,4,4,4,2,1,1,2,2,3,2,4,5,5,4,3,4,5,6,5,5,7,7,6,7,6,5,7,8,8,9,7,5,5,4,5,4,1,1,1,7,9,9,5,4,5,5,5,2,3,3,3,3,3,3,4,8,10,10,9,9,7,5,5,2,8,6,4,7,4,5,5,8,8,8,7,8,9,11,11,5,6,9,6,9,9,10,6,7,6,4,8,9,8,9,7,5,2,5,3,1,2,2,5,6,5,6,7,6,4,4,4,4,5,5,7,6,7,8,5,3,4,4,7,5,7,8,9,7
29,9,10,10,11,10,9,7,8,4,4,1,4,3,6,9,10,8,8,8,9,9,8,4,1,4,7,9,4,6,5,5,5,4,7,7,11,10,8,8,4,3,4,1,0,0,2,2,0,0,0,0,0,2,2,1,6,5,6,3,3,4,2,1,2,1,2,2,1,3,4,4,3,3,5,6,9,8,6,7,7,5,4,8,8,6,9,9,8,10,9,8,7,7,6,3,3,3,2,4,5,3,4,2,1,1,1,1,1,1,0,0,2,2,3,3,2,1,1,2,1,1,3,3,4,5,8,9,12,12,11,8,12,6,5,5,7,9,9,7,10,5,6,5,8,7,8,8,8,9,10,7,3,3,4,2,5,4,4,1,5,5,2,4,7,6,8,5,1,1,3,1,1,1,0,3,5,3,7,7,7,2,2,3,3,4,3,6,5,7,5,4,1,2,3,4,4,5,8,7,5
30,13,8,11,10,9,8,8,11,9,8,4,8,8,10,14,19,16,17,16,17,17,12,9,5,9,11,13,10,12,7,7,6,4,7,6,10,9,8,10,9,8,7,4,2,1,6,5,4,3,3,3,2,3,5,4,2,5,3,6,7,7,9,7,5,4,4,6,6,8,10,10,10,6,7,8,10,10,8,7,7,4,5,6,6,4,8,9,7,8,9,9,9,8,5,2,2,3,3,3,3,2,2,3,1,2,1,1,1,1,4,7,5,5,2,3,3,1,2,1,2,2,4,4,4,5,7,6,9,6,8,6,10,5,6,5,8,10,8,5,8,5,3,5,7,5,3,6,7,6,10,6,6,7,7,7,6,5,5,4,7,5,3,3,6,4,5,4,1,1,4,2,1,1,1,3,4,3,4,6,7,5,5,9,10,9,6,8,6,7,7,7,7,6,8,9,10,9,10,8,7
31,11,9,7,8,8,8,8,11,10,8,6,6,8,9,9,11,10,10,9,10,10,7,7,6,10,10,10,9,7,2,2,2,2,4,4,6,8,9,11,13,10,8,7,4,4,11,10,11,9,5,5,6,6,8,4,5,11,9,12,12,10,11,8,6,5,5,6,6,6,9,10,9,5,8,7,9,9,8,9,8,7,7,5,4,5,4,5,5,7,8,10,10,10,6,4,3,5,5,7,6,7,9,10,6,5,3,4,5,7,10,12,11,8,8,7,6,5,6,6,6,6,4,5,5,5,5,3,3,3,4,5,5,5,7,5,4,4,2,4,6,7,3,4,6,6,5,9,8,9,8,8,9,9,9,7,6,5,5,5,7,7,6,6,7,5,5,5,4,4,7,6,5,5,4,5,5,5,3,3,4,5,6,9,10,9,7,7,6,5,7,7,9,8,9,9,7,6,6,6,5
32,7,8,6,8,7,8,7,13,10,9,7,5,6,10,9,8,7,5,5,5,5,9,7,7,9,9,9,8,7,4,4,5,6,7,6,12,13,12,14,13,10,8,6,7,8,13,11,10,9,3,3,6,4,2,1,7,9,12,13,13,9,10,10,6,5,6,3,3,4,5,7,4,5,10,7,11,13,9,10,9,7,7,5,2,6,9,7,6,8,12,11,8,10,10,9,9,6,7,9,7,7,10,10,6,3,5,7,6,12,13,12,12,6,9,8,6,5,5,5,4,4,2,4,5,5,8,7,6,6,5,5,5,5,6,4,3,2,2,5,5,8,5,6,5,5,3,6,6,6,2,3,4,6,8,7,5,6,3,4,4,6,9,10,9,7,8,8,7,5,8,7,5,5,4,4,3,3,2,2,6,9,11,10,9,8,7,7,6,11,9,9,11,12,13,11,9,9,7,6,4
33,5,6,8,9,7,9,6,12,14,12,9,7,8,8,11,13,15,11,12,12,11,13,10,10,13,11,10,10,9,8,8,5,6,8,7,13,13,14,17,12,14,10,9,12,9,8,6,5,6,6,6,9,9,8,8,12,11,14,14,9,6,7,10,6,7,8,8,6,6,6,9,9,8,12,9,11,10,7,7,7,4,6,7,4,7,11,7,7,7,10,8,5,8,9,9,9,8,9,11,7,6,9,6,3,4,6,5,4,8,8,8,7,5,7,9,6,5,6,6,5,5,4,3,4,8,8,10,7,5,5,5,5,5,6,5,4,7,7,6,7,6,5,8,5,4,4,4,5,6,4,2,3,7,10,10,10,10,8,8,5,6,10,12,8,8,8,8,7,2,5,7,5,7,7,6,1,3,4,5,9,13,15,12,9,5,4,5,5,10,7,8,13,14,14,15,17,15,13,12,8
34,5,9,8,7,8,10,8,7,11,8,8,6,9,7,8,14,13,12,11,9,9,8,7,6,8,7,6,5,3,4,4,3,6,6,7,11,9,12,12,9,11,8,10,10,5,4,3,3,4,7,8,11,12,14,12,12,12,13,9,5,3,5,6,7,8,6,8,6,5,8,11,13,13,13,12,13,7,8,9,9,9,11,11,10,10,12,7,10,6,4,5,5,6,9,9,8,10,8,9,6,5,8,4,3,5,4,1,2,3,3,3,2,2,4,5,3,6,8,9,9,7,6,4,3,10,9,11,7,4,3,2,3,5,8,5,4,8,9,5,6,5,5,8,6,3,4,5,4,7,4,3,4,5,6,4,6,5,6,6,5,5,6,7,4,7,7,6,7,3,5,8,7,9,8,8,4,6,7,8,7,9,10,8,6,4,4,4,6,7,5,6,10,10,10,11,14,15,11,9,8
35,8,10,8,5,5,7,8,8,8,7,9,13,12,11,7,13,11,11,9,6,5,3,6,4,2,3,2,2,3,2,3,4,7,5,4,3,2,2,1,1,2,2,3,3,1,1,1,1,1,2,4,5,6,6,5,5,4,5,3,4,3,5,4,5,5,3,4,5,5,7,7,8,8,7,7,8,6,6,5,6,8,9,12,11,10,11,8,11,8,6,7,8,8,10,12,11,11,9,10,9,7,10,7,7,4,4,4,5,5,3,2,2,3,8,8,8,7,9,9,10,8,8,10,9,11,8,11,9,5,5,5,7,11,9,6,8,9,8,9,7,5,2,4,3,1,3,6,5,8,7,4,5,5,5,7,7,7,5,7,7,5,6,6,4,5,5,4,4,3,6,5,7,5,6,6,7,8,7,8,8,7,7,6,4,5,4,3,5,4,4,4,5,6,7,8,8,12,6,7,6
36,6,6,7,8,10,8,10,11,15,10,11,13,8,9,7,10,9,10,10,9,4,4,6,3,3,3,3,4,3,2,3,3,5,4,1,2,2,2,1,0,0,0,0,1,1,2,2,1,4,5,3,2,3,3,4,7,10,7,9,9,10,7,4,5,3,3,4,4,3,2,2,4,3,4,3,2,5,2,3,5,6,6,9,6,6,6,8,12,12,10,10,9,8,9,10,10,9,6,8,14,8,11,9,9,9,11,9,7,7,4,5,4,3,8,9,11,10,10,10,11,9,11,13,13,13,11,13,12,8,11,9,10,12,10,8,13,14,12,13,11,10,7,5,3,2,5,5,6,7,7,3,4,3,3,6,6,10,6,8,8,5,6,6,4,4,3,3,2,3,5,3,5,6,9,6,7,7,6,7,8,6,6,5,5,7,6,5,8,7,5,5,4,4,3,5,7,11,6,11,6
37,6,4,5,7,10,8,7,12,18,16,15,13,11,11,9,15,13,13,10,9,8,10,7,2,2,2,2,3,1,3,2,1,3,3,3,3,4,3,2,2,1,0,1,3,5,8,7,4,7,6,3,4,6,8,8,11,13,10,11,11,10,9,6,5,4,2,3,2,1,2,2,3,3,4,3,2,3,1,3,4,5,6,7,5,4,6,8,10,11,9,11,11,11,9,10,10,6,5,7,13,7,8,8,8,11,12,10,10,10,8,8,8,3,3,5,7,8,6,5,6,7,10,10,7,8,9,9,8,8,9,7,7,9,9,8,12,14,11,11,8,8,8,8,5,2,4,2,3,1,2,3,4,3,3,2,1,6,4,5,6,4,4,4,4,5,5,5,5,6,6,5,4,7,7,9,10,6,4,3,5,7,8,6,7,13,11,10,11,10,10,10,10,11,9,8,12,12,8,11,5
38,6,5,5,7,6,7,3,8,12,12,13,10,9,7,7,11,9,8,10,9,10,11,6,3,3,6,5,3,2,3,4,3,7,9,11,10,11,10,9,10,7,8,12,12,12,15,14,10,8,9,6,8,8,13,12,8,6,7,7,7,5,9,10,8,8,5,4,4,3,5,3,1,1,0,0,0,0,0,1,2,2,4,9,9,9,11,9,12,12,10,10,12,14,11,12,9,6,6,5,5,5,6,6,11,9,8,7,8,14,14,11,11,7,8,6,6,4,2,1,2,3,4,6,5,7,6,7,7,9,9,7,8,10,11,9,10,11,5,5,3,2,3,3,4,2,4,5,7,4,7,6,8,8,9,5,4,4,6,5,5,7,7,6,7,6,7,8,7,6,6,5,6,6,5,11,11,11,10,8,6,8,7,4,4,9,7,7,6,6,6,8,10,10,9,9,9,5,5,7,4
39,11,12,9,6,4,7,6,5,7,7,6,6,3,1,1,1,3,6,10,10,9,10,9,8,6,10,8,4,3,2,4,4,7,9,9,8,9,9,8,9,7,10,14,14,12,13,13,10,7,8,7,7,8,9,9,6,6,8,7,3,4,8,12,12,10,8,6,5,6,6,3,3,5,7,4,5,4,3,4,4,5,5,7,8,10,12,10,10,10,9,11,11,14,10,12,7,6,8,3,4,4,3,2,8,5,5,7,9,13,15,11,12,10,12,4,7,9,7,4,2,4,3,3,6,9,9,10,11,11,10,6,6,8,11,9,6,8,3,3,3,4,4,4,7,7,7,7,10,6,8,8,8,8,7,4,5,4,5,4,2,4,4,3,5,4,4,6,7,6,4,2,6,5,5,6,6,8,9,9,4,4,2,2,3,4,4,4,4,3,3,4,4,4,5,5,4,2,3,3,3
40,12,15,11,5,6,7,7,5,11,13,13,10,8,6,8,12,13,13,10,10,6,9,8,9,6,5,5,2,2,2,3,3,3,4,3,5,6,5,6,4,5,5,8,7,9,9,9,8,6,4,6,6,9,6,7,6,6,9,9,7,6,7,11,9,5,4,3,4,6,5,4,6,7,10,6,7,7,5,4,3,5,4,3,4,5,7,5,3,4,4,7,9,12,13,14,10,12,14,10,9,10,6,4,5,5,8,9,10,10,10,8,11,10,12,7,12,14,13,11,8,11,10,9,7,12,11,10,11,10,12,6,7,6,8,7,4,3,5,4,4,5,4,6,7,9,9,8,9,8,6,8,9,9,9,7,4,5,3,4,4,3,3,1,2,3,2,3,6,7,5,4,5,4,5,3,4,1,7,8,7,8,6,6,6,8,8,4,3,2,2,7,7,9,9,8,5,3,5,3,4
41,7,9,8,8,5,4,4,4,10,10,10,7,7,7,10,15,15,15,10,10,8,10,9,10,10,8,9,5,4,5,6,6,5,6,6,7,7,5,8,7,8,7,8,7,8,8,8,7,5,10,10,9,13,13,12,7,11,12,16,14,11,12,11,10,6,7,5,3,2,2,3,4,4,4,3,3,4,2,2,2,2,2,2,3,3,3,3,1,3,3,3,4,6,10,10,10,10,14,13,12,13,13,7,6,9,11,10,8,16,9,8,9,8,9,8,12,9,12,13,14,15,12,14,10,13,8,9,14,12,15,9,11,9,6,9,9,8,5,2,3,3,2,3,4,4,4,6,6,7,6,5,7,8,8,6,4,4,2,2,4,4,5,4,3,1,1,2,3,3,3,5,5,5,6,5,5,2,5,5,5,8,6,6,4,6,7,4,3,4,2,8,7,8,8,9,9,8,9,9,10
42,11,8,6,7,5,5,4,7,12,10,10,9,8,9,10,12,18,18,12,11,7,7,7,6,8,8,9,8,7,7,8,7,6,7,8,11,11,12,14,10,9,10,9,8,8,7,8,7,5,9,8,7,9,12,9,5,8,9,10,8,9,11,11,11,8,10,7,3,2,1,6,6,4,3,2,3,2,2,3,5,5,4,3,3,5,3,4,2,3,3,3,3,3,5,4,4,4,9,7,7,7,10,6,3,6,7,5,5,12,6,6,7,5,4,3,5,6,9,8,12,14,11,9,8,10,7,8,11,9,9,7,9,8,6,12,12,10,5,2,4,4,4,5,4,4,5,6,7,7,6,7,7,8,9,8,8,5,5,4,7,9,6,7,5,3,3,1,2,3,6,7,7,9,10,9,10,8,3,3,3,6,6,4,2,2,4,4,6,8,7,7,6,7,9,8,7,7,8,7,8
43,12,9,6,7,8,6,6,9,14,15,13,13,12,14,16,16,20,18,16,12,6,6,6,8,8,7,9,9,9,7,7,3,4,5,4,9,12,16,18,10,7,8,11,10,9,13,15,12,9,9,7,8,8,7,6,8,8,11,7,7,10,11,10,8,8,9,6,3,3,6,14,8,5,5,2,3,2,2,3,6,7,4,5,7,6,6,6,4,8,10,8,8,7,8,10,7,5,6,2,4,3,6,6,3,5,6,3,3,6,9,8,8,6,3,4,4,8,9,9,12,10,10,8,6,8,6,9,6,7,8,9,7,6,3,5,7,6,4,3,3,3,3,4,4,6,6,4,5,5,5,9,11,12,11,10,13,12,11,8,8,12,9,6,4,4,4,1,3,7,9,9,11,10,10,11,10,9,6,7,2,3,2,2,3,6,6,5,7,6,9,11,9,8,6,3,1,1,2,0,1
44,7,8,7,8,9,6,8,9,8,10,8,12,9,10,10,9,10,12,13,10,9,7,8,10,8,8,9,8,8,9,8,6,4,4,3,7,12,15,20,11,9,6,9,8,9,13,15,10,8,6,6,11,10,7,7,10,14,14,14,14,15,13,7,5,6,7,4,4,4,7,10,7,5,6,4,5,4,3,4,5,6,3,6,8,5,7,9,7,10,13,10,9,7,6,11,8,6,6,4,6,8,10,9,7,5,5,4,8,9,9,7,5,4,3,5,5,8,8,11,13,10,9,9,5,7,4,7,6,7,7,8,9,6,1,1,3,3,3,2,1,2,2,2,3,4,2,0,0,0,2,3,5,5,5,6,11,11,10,7,6,9,8,6,5,4,4,3,4,8,7,7,8,6,5,5,5,8,6,7,3,4,3,3,3,6,5,6,5,3,5,7,6,5,2,2,0,1,1,1,1
45,7,8,9,6,8,7,10,10,9,9,10,12,8,8,6,7,6,7,4,3,5,3,4,4,4,6,6,4,4,7,7,9,11,10,7,14,18,13,15,13,11,7,6,3,5,6,6,6,7,5,7,10,8,10,11,11,12,12,11,12,11,11,8,6,3,6,5,6,6,6,7,11,11,10,10,10,11,7,5,3,5,4,5,5,6,8,10,9,9,11,13,10,12,6,7,4,4,5,5,5,8,7,6,7,6,6,3,8,6,1,2,4,2,3,3,5,4,4,6,6,6,6,7,5,6,4,6,5,3,2,3,5,3,1,1,1,1,1,1,1,2,2,2,3,3,1,2,2,0,1,0,1,2,3,4,5,4,4,3,4,4,2,4,4,3,3,2,2,4,4,4,3,3,4,4,3,5,5,7,6,4,4,5,5,5,7,8,8,8,6,5,4,6,4,4,1,2,2,2,2
46,9,8,9,7,5,4,7,5,5,5,6,5,4,5,5,7,8,9,8,8,8,5,4,5,4,5,7,3,3,5,5,7,10,10,10,13,13,10,13,12,7,7,3,1,4,6,4,6,7,9,10,12,11,12,12,13,11,13,10,12,12,12,14,8,6,7,6,5,7,7,11,10,11,10,10,12,12,9,8,5,6,4,5,6,7,9,10,10,11,12,12,10,15,12,11,9,5,7,3,3,4,4,4,4,4,4,2,5,5,2,4,9,7,10,9,10,10,8,7,6,6,7,7,8,10,9,8,8,4,2,3,3,4,4,3,3,6,5,6,5,2,1,0,2,2,0,2,2,0,0,1,2,3,1,1,0,0,0,0,0,0,0,0,1,1,0,2,6,4,6,6,6,8,8,9,9,7,10,11,13,11,10,6,6,9,10,8,9,11,9,8,7,7,6,4,5,4,5,2,2
47,8,6,6,6,2,3,4,2,2,2,1,0,0,0,0,1,3,4,7,7,7,6,5,6,6,7,6,4,4,4,4,7,7,9,10,12,11,11,11,15,9,8,5,4,6,7,6,6,4,4,5,7,7,7,4,5,6,7,7,7,8,7,8,4,5,3,2,3,5,3,6,7,9,9,9,13,15,11,11,9,9,6,7,6,8,8,10,7,8,7,7,8,9,11,12,11,10,8,7,7,8,6,6,5,3,1,3,4,4,4,6,8,8,10,10,9,11,10,8,6,5,4,5,6,10,10,8,8,7,6,5,7,5,6,7,5,8,7,7,6,3,2,2,4,5,5,2,2,3,4,4,3,4,2,2,2,2,2,1,2,3,3,5,6,5,4,5,7,5,6,6,6,8,7,9,10,7,8,10,13,12,11,7,6,8,6,5,5,8,8,8,9,6,7,6,9,9,10,3,3
48,4,4,3,5,3,5,6,5,3,5,3,3,1,2,5,3,3,3,2,3,3,2,3,5,6,9,7,5,5,5,5,7,8,10,14,18,15,13,9,13,11,9,5,9,8,9,9,9,6,5,5,4,2,2,1,2,2,3,2,1,1,1,1,1,3,7,5,3,5,4,5,5,6,4,5,4,8,7,7,5,5,6,6,2,4,5,7,4,3,3,6,6,4,6,8,7,8,4,8,8,8,6,4,3,3,1,2,1,2,3,3,6,6,6,5,6,7,7,3,2,8,10,8,7,10,8,9,6,8,9,5,7,3,4,6,3,3,3,3,3,2,2,3,4,5,7,5,6,8,5,4,3,4,3,3,3,3,3,2,3,4,4,6,6,6,6,7,5,5,3,1,2,2,2,4,4,4,5,5,6,7,7,8,7,5,5,7,8,7,6,4,6,5,5,5,6,7,7,3,3
49,5,5,7,9,9,7,10,9,6,7,3,5,4,7,10,9,13,11,10,8,9,7,8,9,8,8,9,10,6,6,6,4,5,5,9,12,10,7,6,6,7,7,4,8,7,8,8,8,9,9,8,8,6,5,5,9,10,9,10,10,9,6,7,7,7,11,9,7,8,7,7,7,11,8,10,8,6,7,6,5,4,6,6,5,3,6,4,5,5,5,5,5,7,5,5,3,5,3,6,8,9,6,7,6,3,3,4,2,5,4,5,7,6,10,6,8,9,6,3,5,11,13,8,7,13,9,8,8,10,9,7,10,7,6,7,5,4,5,6,8,6,5,4,4,4,5,6,7,8,4,4,4,6,8,10,8,7,6,6,6,5,5,5,6,5,4,5,5,6,6,4,7,5,6,6,4,5,7,8,6,7,8,9,7,8,8,9,11,5,3,2,2,3,2,1,2,2,3,4,6
50,8,5,10,8,9,7,10,10,6,10,6,7,9,13,11,16,16,13,16,11,11,10,8,7,8,6,8,10,7,7,9,7,5,7,6,6,7,7,9,7,6,5,5,6,5,4,4,4,7,6,4,5,5,6,8,8,10,7,11,11,12,11,11,8,4,4,5,7,7,6,4,4,11,14,14,13,10,9,8,7,6,6,6,7,5,9,6,8,7,6,6,5,6,5,5,3,7,7,6,8,9,5,8,5,3,3,5,3,5,5,5,7,6,10,8,7,9,10,8,10,7,7,7,7,12,11,9,9,12,9,10,11,10,11,10,7,6,8,13,13,11,10,9,9,9,8,10,10,9,10,9,9,10,12,14,10,10,9,8,6,6,5,5,4,4,3,2,1,2,3,3,5,4,5,5,4,4,5,6,4,5,7,6,6,5,5,6,6,2,1,2,1,2,1,1,2,1,2,4,6
51,8,6,7,8,9,7,7,7,4,10,7,7,9,11,8,12,9,8,11,8,8,6,4,4,4,3,4,4,6,6,8,8,7,10,7,8,12,8,11,7,7,5,5,7,6,6,3,3,3,5,2,1,1,3,4,2,3,1,7,9,11,12,9,6,3,4,4,7,9,7,9,6,7,8,9,8,11,11,9,8,8,8,6,3,4,5,5,6,6,4,4,3,2,4,6,5,5,6,5,5,6,4,6,3,3,3,3,2,3,3,5,7,6,7,9,9,10,13,10,11,8,7,8,7,6,6,6,5,7,5,6,6,6,6,5,4,4,4,10,8,8,8,8,8,9,9,12,12,11,11,9,8,6,6,7,6,6,6,4,3,3,3,3,1,1,1,1,0,0,0,1,3,3,4,2,1,1,1,1,1,1,2,1,3,1,2,3,4,4,4,4,4,4,4,2,2,4,4,3,2
52,7,9,7,11,11,8,8,9,9,7,8,5,6,5,5,7,9,11,9,6,5,3,4,2,2,4,3,2,5,5,4,2,2,5,3,4,8,3,3,1,2,1,1,3,4,5,3,3,4,4,2,1,2,3,3,4,7,4,10,12,10,9,4,3,2,6,6,5,5,3,6,8,8,9,7,4,7,11,10,10,9,9,8,6,6,6,5,4,3,1,1,5,3,2,5,5,4,4,4,4,5,4,5,4,5,7,4,3,4,3,6,6,6,7,8,8,8,9,10,9,10,7,7,5,5,7,5,8,6,4,3,5,6,7,6,6,8,8,6,6,6,6,5,5,6,7,9,8,9,8,8,9,8,10,10,9,9,8,11,9,9,4,5,3,5,5,2,1,3,4,4,6,5,5,4,4,2,3,3,5,5,7,5,6,6,6,7,7,7,8,5,7,8,7,6,5,8,5,3,2
53,6,6,6,6,8,8,9,11,11,10,10,9,9,7,9,11,12,15,11,10,7,7,8,4,4,7,6,4,5,6,4,0,0,0,2,1,3,9,7,7,6,5,5,7,7,8,8,7,9,5,4,10,10,10,9,10,13,11,15,14,11,10,8,7,7,8,8,4,1,3,4,7,9,11,8,5,5,6,7,7,4,4,6,6,4,5,5,6,5,5,7,9,7,4,5,4,4,4,4,5,5,5,6,4,4,5,5,8,9,7,5,8,6,4,3,3,2,3,6,5,6,5,5,3,4,7,6,8,7,5,4,5,8,11,12,10,9,12,8,7,7,7,4,6,4,4,3,3,4,6,8,11,7,9,10,8,8,6,10,8,9,8,11,7,8,7,2,4,7,8,7,7,5,4,4,6,4,6,7,7,10,15,9,8,9,12,9,9,7,8,10,9,12,11,11,10,9,7,6,6
54,8,6,5,7,5,5,4,4,6,7,8,9,8,9,10,9,9,11,8,7,6,5,6,4,2,3,3,4,2,6,5,2,3,3,4,2,7,14,12,13,11,11,12,12,11,12,13,11,11,9,8,14,10,11,9,10,13,14,12,9,8,6,8,10,10,8,8,7,4,6,6,8,10,11,8,7,6,5,5,5,2,2,1,1,2,2,3,3,4,5,5,4,3,2,2,1,2,3,2,3,3,5,6,4,8,6,7,12,13,14,11,10,11,7,9,7,2,1,1,1,1,2,4,3,1,1,3,8,8,8,6,5,6,7,11,8,4,7,8,6,7,7,5,9,5,5,4,3,4,4,5,6,7,6,7,6,5,3,5,6,3,4,6,5,4,3,1,3,6,6,6,4,3,3,1,3,3,4,4,2,8,12,8,8,8,10,9,11,8,9,10,7,8,10,9,9,9,10,10,11
55,8,7,4,5,4,3,2,2,2,4,7,10,8,12,12,12,14,11,9,8,6,6,4,5,4,2,2,2,3,5,5,7,11,9,7,8,8,10,14,14,10,10,10,10,7,11,10,6,9,9,10,10,5,8,10,11,14,14,13,9,10,8,9,10,9,11,10,9,7,6,4,5,5,6,4,3,2,2,1,1,0,0,0,1,3,2,2,1,1,2,3,2,2,2,2,3,4,3,4,2,5,6,5,5,10,7,8,10,8,10,10,6,8,10,12,10,7,5,6,3,1,1,3,3,3,6,6,8,7,6,5,4,3,3,6,4,2,2,5,7,8,5,4,6,4,3,3,2,3,3,4,4,7,5,5,5,4,3,5,5,3,3,3,4,3,4,3,1,2,2,3,1,0,0,0,1,1,2,2,1,4,5,3,4,4,3,6,7,5,6,6,6,3,4,4,6,10,9,9,13
56,8,8,6,7,7,4,5,5,5,5,8,9,9,11,13,13,16,12,12,12,8,6,5,7,8,7,5,7,7,6,5,6,8,6,4,7,5,5,10,9,6,5,4,5,4,9,7,4,8,7,6,5,4,7,10,9,10,14,14,14,15,12,13,10,10,13,9,6,7,4,3,3,3,5,6,5,10,7,7,4,6,7,7,7,6,5,4,5,4,5,6,5,5,3,3,7,8,6,10,9,14,13,12,10,10,9,8,8,6,6,3,2,2,6,6,6,5,4,6,3,1,1,1,1,3,6,5,6,4,2,2,2,2,4,6,6,6,4,3,8,6,1,1,3,4,2,2,2,2,2,5,2,3,3,5,6,6,5,5,5,5,5,5,6,6,7,5,5,5,4,6,4,3,3,3,3,3,3,4,2,3,3,4,3,3,2,3,3,2,2,5,6,3,3,5,6,9,6,7,8
57,10,9,10,11,12,10,10,6,5,6,7,7,6,8,10,10,14,13,12,11,8,6,7,8,9,10,9,9,6,6,5,6,6,7,5,7,7,3,4,5,4,3,3,2,3,4,4,4,7,5,5,1,1,1,2,2,2,6,6,8,8,9,12,7,9,9,6,6,8,7,6,4,4,5,6,5,11,7,8,5,6,7,7,6,5,5,5,5,4,5,7,5,5,3,3,6,7,10,10,9,11,11,9,8,9,9,5,5,6,8,5,4,2,1,1,2,4,2,2,4,4,4,3,3,4,4,4,1,1,1,2,1,2,4,6,7,7,6,5,9,6,5,5,4,5,6,4,4,5,9,9,5,6,7,10,9,9,10,11,13,13,8,8,9,8,8,9,8,8,6,6,5,4,6,7,9,9,9,13,10,5,5,8,6,8,8,6,6,4,5,5,6,7,6,8,10,14,13,9,6
58,7,4,5,6,8,7,8,7,8,10,8,9,8,9,10,7,9,9,7,8,8,6,5,8,9,7,8,7,6,10,9,10,10,11,7,10,10,6,8,11,7,5,4,1,4,5,5,3,9,7,4,1,0,0,0,0,0,1,1,1,2,5,4,3,4,4,3,4,4,4,3,1,2,2,3,6,6,6,8,6,4,2,5,5,2,2,3,3,2,3,4,3,3,4,6,8,8,12,7,9,8,7,6,6,6,4,3,1,2,4,5,6,4,5,6,8,9,6,7,11,7,8,7,8,8,8,10,8,6,6,5,5,5,6,6,7,6,9,6,9,6,7,6,3,4,6,2,2,4,8,6,4,5,5,6,3,3,5,6,8,9,6,6,6,5,5,7,4,3,2,1,3,4,11,11,14,14,15,18,16,12,9,8,7,6,6,4,4,2,4,4,5,6,7,9,12,14,12,6,6
59,6,4,3,3,4,5,4,7,8,9,8,10,8,13,9,8,6,6,1,4,4,3,5,8,10,8,4,5,3,7,8,7,8,8,6,11,11,9,14,14,8,8,7,4,5,6,7,4,7,9,5,7,5,5,3,5,4,7,6,5,8,5,3,2,2,3,3,1,1,0,2,2,4,5,6,9,8,10,10,7,5,2,5,6,3,3,3,4,4,6,3,6,5,5,6,8,8,10,6,9,7,6,4,4,6,6,8,5,5,6,2,3,3,7,7,7,7,7,10,11,6,6,6,8,7,4,9,8,6,9,6,5,7,9,9,10,7,11,7,7,7,6,5,5,5,6,3,3,7,4,2,2,4,4,3,0,0,3,3,4,4,4,4,4,4,4,4,4,3,6,4,7,9,11,9,11,11,10,9,9,12,10,9,8,6,4,3,4,3,5,5,4,4,6,6,8,8,4,2,5
60,7,7,5,5,6,7,5,2,6,7,4,5,5,9,6,7,5,4,0,2,3,1,4,4,5,5,1,2,1,3,5,3,3,3,4,7,7,9,14,14,10,10,10,8,10,14,11,7,5,5,5,6,6,6,3,7,11,13,14,11,13,10,8,7,9,11,9,4,3,1,2,2,3,4,4,4,4,8,11,7,6,6,5,5,5,4,4,5,6,6,2,5,6,6,5,5,6,7,5,4,4,4,5,3,4,6,8,11,13,11,5,8,9,9,8,4,4,6,9,7,5,4,5,7,6,5,7,6,5,7,5,3,4,7,7,9,5,8,4,3,3,3,3,4,3,5,7,7,12,9,6,9,9,9,7,5,5,8,10,12,11,5,5,4,3,3,5,7,7,10,8,12,13,10,12,10,11,8,7,7,12,11,9,10,10,10,7,7,8,8,7,8,9,10,7,5,6,5,4,7
61,5,5,3,4,6,6,4,1,4,4,5,4,2,1,1,2,3,2,1,0,0,1,1,0,0,0,2,3,4,7,3,3,3,5,5,7,7,12,12,12,11,12,16,12,15,17,14,10,8,10,9,7,7,7,5,7,12,13,11,9,8,7,7,6,8,10,11,10,5,5,6,6,7,6,5,5,5,6,9,8,9,8,7,6,8,8,8,6,7,10,6,5,5,7,10,10,8,9,5,7,7,10,9,8,4,4,4,8,12,12,8,10,12,12,13,9,9,7,6,4,4,4,4,8,10,10,8,8,7,5,7,8,6,9,9,10,6,7,5,3,0,0,0,1,2,6,7,4,7,9,8,11,9,12,13,12,13,11,13,13,12,7,6,4,2,2,6,4,5,10,9,10,10,8,9,8,11,8,7,8,11,12,8,10,9,9,6,6,7,6,9,9,10,10,8,9,8,7,12,14
62,7,5,5,6,5,5,3,3,5,4,6,4,2,1,1,2,4,4,2,4,4,5,7,4,5,7,9,7,5,7,5,6,9,9,9,13,14,17,12,12,11,12,11,11,12,10,10,7,8,12,12,9,8,10,8,9,9,11,9,10,7,10,6,5,6,7,9,12,8,9,12,11,11,9,8,8,5,2,1,7,7,8,8,8,11,12,11,10,7,9,8,6,3,5,7,8,6,7,5,7,6,9,6,7,4,4,4,5,6,8,7,6,8,11,12,12,13,9,7,7,7,6,4,7,11,12,8,6,7,8,10,9,8,8,8,8,6,7,8,8,4,3,2,3,4,5,4,4,4,5,8,9,12,12,12,11,13,12,9,11,10,10,12,7,6,6,7,6,5,9,8,5,5,3,4,3,4,2,5,7,6,9,10,11,9,7,4,7,9,4,4,6,6,5,6,5,4,4,8,9
63,8,5,9,9,7,7,7,6,7,6,7,3,5,8,11,11,11,10,8,8,8,7,12,8,7,11,10,7,6,6,7,8,10,9,10,17,13,18,14,13,11,7,4,4,3,3,5,4,3,3,4,4,4,6,4,6,5,6,7,9,8,11,6,7,7,7,4,7,7,7,8,8,6,5,6,7,4,2,2,7,4,8,8,7,7,7,7,9,5,5,6,4,2,4,3,2,2,4,6,7,9,7,8,9,9,10,5,7,5,6,3,6,8,7,8,8,8,7,8,6,6,5,4,4,7,8,6,5,8,9,11,7,6,4,3,3,4,5,5,9,8,6,5,5,5,1,2,4,5,4,7,7,11,8,6,6,7,7,5,7,6,6,9,7,7,8,7,10,9,7,7,4,5,4,6,6,7,5,8,3,7,7,10,10,9,9,8,9,9,5,4,5,4,3,4,2,2,3,5,5
64,9,8,7,5,7,8,8,9,8,8,9,8,9,15,19,17,15,9,9,9,8,6,8,6,4,6,7,6,6,6,4,6,6,7,8,15,10,15,11,13,9,9,9,9,4,5,9,11,6,6,7,7,5,6,5,6,3,3,4,3,6,5,5,4,6,5,4,6,5,4,5,5,1,3,3,3,3,2,2,3,1,2,3,2,4,2,3,4,4,5,6,6,5,12,9,7,7,8,10,10,8,7,9,12,13,12,7,10,8,8,8,10,12,10,11,10,9,10,9,6,10,9,8,7,9,8,8,9,10,8,10,8,6,7,6,6,6,8,9,10,10,9,7,9,9,7,7,7,10,10,11,5,5,7,8,7,8,9,8,6,5,4,5,5,4,6,7,8,9,7,9,9,8,8,8,8,8,9,9,6,10,10,10,10,12,9,10,9,8,9,9,10,9,9,12,11,8,7,11,11
65,11,9,8,5,8,8,10,14,12,11,11,13,12,14,13,16,11,9,5,7,8,7,6,6,7,8,10,8,6,5,5,4,5,4,5,9,10,11,14,14,11,12,11,11,6,4,9,10,9,8,9,7,4,7,7,7,5,2,6,5,6,5,5,3,6,4,3,4,4,4,5,5,2,2,2,1,0,2,3,4,3,3,5,3,6,2,4,3,3,3,3,6,5,11,9,8,8,8,8,7,6,6,5,7,7,5,4,6,9,11,10,8,8,8,9,10,8,11,10,10,14,12,10,9,11,8,11,9,8,6,9,8,9,9,7,9,9,10,11,11,8,8,5,8,8,8,9,12,12,12,16,9,10,12,14,12,12,13,13,10,8,6,6,3,2,3,6,4,4,4,7,7,4,5,6,5,5,5,5,5,8,9,8,9,9,8,9,7,6,7,6,6,6,9,12,13,10,10,11,8
66,10,6,8,7,7,8,9,11,11,13,11,12,11,8,9,14,9,9,8,8,9,11,8,8,10,11,14,8,7,7,7,6,7,9,8,10,10,6,12,12,12,9,5,4,3,3,4,5,5,4,5,5,6,7,7,9,8,5,5,5,2,2,1,1,2,2,2,2,3,5,5,5,5,4,5,5,5,5,6,5,4,4,5,3,4,2,3,3,3,2,2,4,3,4,4,4,4,3,4,4,7,5,2,2,1,2,0,1,5,5,5,3,4,7,5,5,6,9,7,8,8,6,6,6,9,9,11,7,6,6,7,6,8,6,3,7,6,7,9,7,7,6,5,3,4,3,8,10,8,7,11,10,11,10,13,12,10,11,12,15,12,10,8,5,7,5,7,5,4,4,4,4,3,4,5,2,2,1,2,1,2,4,4,4,3,4,5,7,8,9,8,7,8,13,11,12,10,9,8,5
67,6,3,3,3,3,4,4,3,4,7,5,6,7,5,6,8,4,3,6,6,6,8,5,4,7,7,10,5,7,9,5,7,8,11,12,12,13,8,10,12,11,11,9,8,9,11,12,11,9,7,11,11,11,10,7,8,7,7,6,4,1,1,2,2,1,2,2,7,5,6,6,11,13,8,10,9,10,7,5,4,4,3,3,2,2,2,4,8,7,5,7,7,7,5,6,3,3,4,5,1,2,1,0,0,1,3,4,6,8,9,9,10,10,11,9,9,5,7,5,3,3,2,3,3,3,6,7,5,6,8,10,10,8,8,5,7,6,5,6,9,9,10,7,6,7,6,9,12,8,7,7,6,5,9,11,10,8,8,12,15,14,13,14,8,7,6,6,7,7,7,8,7,6,7,9,9,12,9,9,12,6,7,8,8,7,7,6,9,9,12,10,10,12,14,10,9,8,7,10,8
68,3,3,2,2,4,7,5,0,0,1,5,8,8,8,8,10,10,9,9,9,7,6,4,1,1,1,1,6,7,8,5,6,7,8,9,10,13,12,13,12,12,13,13,11,11,12,13,13,10,8,13,12,7,6,3,2,3,5,8,4,2,1,5,3,3,3,1,6,4,4,3,8,10,6,12,11,9,8,7,7,5,4,3,4,3,3,6,10,8,6,9,9,10,9,10,6,5,7,7,5,5,2,4,6,5,5,8,10,12,12,10,10,8,9,12,9,4,5,5,5,6,4,2,4,3,2,3,4,4,6,8,11,11,14,11,6,7,6,4,7,8,9,5,4,4,6,5,8,7,7,6,7,8,11,10,6,5,3,5,7,8,8,11,6,5,7,7,7,4,5,7,6,5,7,7,9,13,10,10,13,6,6,8,9,7,7,6,5,6,5,6,11,11,11,10,9,8,8,11,9
69,6,8,4,4,3,8,7,2,2,3,7,9,9,9,9,11,11,11,10,10,9,7,7,4,5,8,6,9,9,8,9,9,8,9,8,9,12,14,13,10,11,10,11,8,7,6,6,8,7,6,6,7,3,2,3,1,4,6,7,4,3,2,4,3,3,2,0,0,1,1,1,3,4,6,10,9,8,7,7,4,2,2,1,4,4,4,4,6,8,6,6,6,8,10,8,7,6,6,7,6,5,4,5,9,6,6,8,6,9,9,7,6,6,9,12,12,11,14,10,10,8,5,4,6,6,9,6,9,10,9,8,8,8,14,13,8,9,8,7,4,3,3,2,2,3,4,2,2,3,4,7,9,13,14,12,9,8,5,4,6,3,3,4,3,3,7,6,6,5,5,6,3,5,8,5,6,6,5,7,7,8,8,8,7,6,6,6,5,7,4,6,9,9,10,10,7,5,4,5,4
70,6,10,7,7,5,7,8,7,8,7,6,5,2,3,4,4,5,7,6,7,9,6,8,6,6,8,7,6,5,7,9,8,7,12,7,7,10,12,11,7,6,4,5,4,6,6,3,5,7,5,4,2,1,3,4,4,3,3,2,1,2,3,4,6,5,2,3,4,4,3,4,2,6,8,6,6,6,4,4,2,3,3,5,5,4,3,2,3,4,5,5,6,8,7,5,4,4,5,7,6,3,4,3,5,5,7,7,10,8,6,6,5,9,15,14,13,13,13,9,7,4,2,4,4,6,12,8,10,13,10,11,8,8,12,10,9,11,7,9,7,4,4,5,4,5,2,2,0,0,1,4,4,6,6,5,6,6,4,5,6,3,3,3,4,4,6,5,6,7,8,7,3,5,7,6,6,6,6,7,10,12,11,11,10,10,5,6,6,7,6,7,8,8,8,11,7,4,3,3,3
71,6,8,6,7,8,9,8,12,13,13,11,11,7,8,10,13,13,13,11,12,13,11,9,8,6,4,5,4,4,6,6,7,6,11,7,7,7,6,7,5,3,2,2,2,3,5,2,3,4,3,4,1,2,4,5,5,2,0,1,2,3,3,3,4,2,0,2,3,4,3,5,2,5,6,4,5,6,4,5,4,6,5,7,5,5,4,3,3,3,7,5,5,6,5,5,5,4,7,10,9,8,6,5,2,3,5,3,10,7,2,3,3,5,11,12,11,12,10,9,8,8,5,7,8,10,10,9,9,9,8,8,9,9,8,9,9,11,6,10,10,9,9,9,6,6,5,5,4,4,6,6,6,6,5,6,7,5,3,4,9,6,6,3,3,3,3,2,2,2,6,5,3,4,4,5,5,5,5,5,7,7,5,7,8,8,3,4,5,5,6,7,10,7,8,11,8,6,5,3,3
72,6,5,4,5,6,6,5,10,12,14,12,14,12,12,15,14,14,14,9,9,8,10,11,11,8,5,5,3,5,8,7,8,8,8,9,12,8,8,7,7,6,7,3,4,5,6,4,3,4,7,8,7,8,8,10,7,8,4,4,3,5,7,7,1,0,1,1,1,2,2,4,6,6,3,3,3,5,4,5,5,8,8,9,7,5,4,3,3,3,6,5,5,5,4,6,6,6,6,7,8,8,5,4,1,4,4,1,5,5,7,5,8,8,10,11,13,12,11,10,7,7,5,7,6,7,4,5,5,3,3,3,6,5,5,9,9,11,6,11,11,10,8,10,10,8,7,7,8,9,12,10,13,10,9,11,12,9,6,6,10,5,6,3,2,2,4,3,3,2,4,3,2,3,5,7,7,7,6,9,8,8,9,9,9,8,9,8,9,8,10,12,12,8,9,7,4,3,4,1,1
73,5,4,3,4,4,3,1,3,5,7,7,9,7,7,8,5,6,8,5,5,3,4,11,10,9,7,7,6,6,8,6,5,6,8,10,14,11,12,12,10,10,11,9,10,13,14,14,10,11,11,12,14,10,8,8,10,11,7,5,5,9,8,12,9,6,6,5,7,8,9,6,8,7,8,8,6,6,5,7,4,6,7,6,4,3,3,3,4,5,4,4,5,5,5,7,8,10,8,7,11,10,11,8,6,11,10,7,6,8,11,11,13,12,14,14,16,13,13,13,8,11,9,7,4,3,3,4,5,2,3,3,2,1,3,4,5,7,4,10,10,8,5,8,8,6,5,5,6,8,8,6,9,6,6,7,8,6,4,3,2,1,2,2,2,2,4,4,6,4,4,3,3,4,5,5,7,7,10,13,12,9,10,10,9,9,9,8,9,9,9,12,11,11,10,9,6,5,4,2,2
74,6,1,1,3,4,3,1,1,3,4,6,8,7,8,9,9,8,8,7,5,4,2,8,6,6,7,6,7,5,3,2,1,1,3,4,6,6,6,7,4,4,5,7,6,8,10,12,9,14,11,8,10,7,6,6,11,12,12,9,10,13,10,11,11,10,9,7,12,10,13,9,11,8,12,10,8,8,7,9,5,4,4,2,1,2,4,3,4,3,2,3,3,2,8,9,10,10,10,10,12,10,11,11,8,12,11,12,11,11,12,13,12,10,12,13,13,12,11,10,10,13,11,10,10,10,10,8,7,2,3,3,3,1,2,3,3,2,2,4,5,5,6,8,4,3,3,4,3,4,3,7,7,6,6,4,5,6,7,4,2,2,3,5,4,5,5,7,11,7,9,9,8,10,9,9,10,9,11,12,16,10,9,8,3,6,8,7,8,8,8,10,11,11,5,4,4,5,3,1,1
75,11,6,5,3,6,8,4,5,9,5,6,8,8,9,11,12,12,11,10,8,6,5,6,6,5,5,4,4,4,1,1,3,2,3,2,5,5,5,8,7,6,4,5,5,3,3,4,3,7,7,5,4,5,6,11,12,10,11,10,8,10,12,7,4,6,6,5,7,6,8,9,10,10,14,10,9,7,6,4,3,1,2,1,1,1,1,2,3,0,0,2,2,1,6,6,7,9,8,8,6,6,3,5,6,7,5,8,9,9,11,8,10,10,9,7,8,7,7,5,6,6,7,9,9,10,11,8,4,2,0,2,3,1,1,2,1,1,3,2,4,5,7,7,4,4,5,8,9,8,7,8,7,4,6,5,5,6,8,8,11,11,7,10,9,7,7,10,10,6,7,8,8,11,9,11,11,9,7,8,11,9,7,8,5,8,10,7,8,8,7,7,9,9,6,2,1,3,2,0,0
76,13,10,7,6,5,6,4,5,7,3,3,3,5,5,5,7,8,8,11,10,6,4,3,5,4,3,3,3,5,2,2,4,3,4,4,7,6,6,9,9,8,6,7,7,4,4,3,3,4,4,4,2,3,4,6,6,4,5,4,4,4,4,3,3,4,3,3,1,2,2,5,6,9,12,10,12,8,6,5,3,2,0,0,0,0,2,3,5,3,3,4,3,4,6,4,2,7,4,6,8,6,8,7,7,5,5,5,5,5,6,5,8,8,9,7,6,4,4,6,6,5,6,7,6,5,6,6,4,4,2,3,3,2,2,2,2,3,5,5,6,6,7,7,5,5,7,8,11,12,11,8,4,2,9,8,9,8,9,9,13,14,9,9,9,5,4,5,4,2,1,1,2,3,2,3,4,3,4,4,3,5,4,4,4,5,4,4,4,3,2,3,4,4,4,2,1,2,1,0,2
77,8,7,5,6,5,3,2,2,2,2,2,2,3,4,4,4,4,4,8,7,4,2,2,2,1,1,1,1,2,2,2,2,2,4,6,9,7,7,11,8,6,4,7,8,9,6,3,3,6,6,4,4,5,8,9,12,13,14,10,8,5,2,3,3,3,1,1,1,3,3,4,5,7,11,10,11,9,7,7,4,2,3,3,3,1,2,3,3,4,4,4,4,4,5,4,7,3,3,4,8,6,9,12,10,5,5,5,7,9,10,4,8,7,7,7,5,3,3,5,5,7,7,6,4,7,7,7,6,5,4,5,5,6,4,5,6,10,7,7,5,4,4,4,3,3,3,5,6,7,8,7,4,3,8,7,7,5,6,6,6,7,7,6,4,3,4,5,4,5,4,4,4,8,5,6,6,9,7,6,9,7,2,0,0,0,0,2,2,0,0,1,1,0,0,1,1,0,0,0,2
78,4,7,5,5,5,4,3,4,3,3,3,3,3,3,3,3,2,4,5,6,6,6,4,4,5,6,5,4,7,6,6,4,5,8,8,9,8,8,10,7,6,4,7,9,11,7,4,4,7,7,7,7,9,11,11,13,15,14,12,9,7,4,6,7,8,4,2,4,6,8,7,7,5,13,14,13,13,11,8,8,5,10,9,9,7,7,4,2,5,4,2,3,3,5,8,15,9,9,8,11,11,11,9,10,8,9,10,12,14,16,10,10,8,7,7,6,10,10,7,8,10,10,9,9,11,12,10,10,6,3,5,7,6,2,3,10,15,11,12,6,4,5,4,3,3,4,7,7,7,10,7,7,4,2,4,7,8,6,6,7,6,5,5,3,4,5,5,4,5,4,5,4,9,9,9,9,12,10,11,13,11,8,3,1,1,0,2,3,1,0,1,1,0,0,1,1,0,0,0,0
79,8,10,5,6,3,5,5,6,5,8,8,6,7,6,4,4,3,5,4,5,6,5,3,3,5,6,7,5,6,9,9,8,10,9,6,11,8,7,5,7,8,7,6,6,5,5,5,3,3,4,6,9,10,9,11,11,14,14,16,10,13,9,10,10,13,9,6,5,5,9,9,10,6,11,11,9,10,9,9,9,7,9,10,8,7,7,3,4,7,8,5,6,6,6,9,14,16,10,14,12,11,13,5,7,7,10,8,8,10,13,10,5,4,4,4,4,10,10,7,8,8,7,8,10,10,9,8,8,6,4,4,7,4,2,1,8,9,9,10,6,5,5,5,4,5,8,7,8,9,11,8,6,6,5,8,10,13,13,12,8,10,4,4,3,6,6,6,4,5,5,5,3,4,8,9,10,10,12,15,13,13,15,8,5,9,5,3,7,10,9,9,7,6,8,7,8,7,6,7,4
80,8,8,6,8,4,5,5,6,7,12,11,11,10,10,10,9,8,7,6,8,8,6,3,3,5,5,8,5,3,6,6,8,8,8,6,13,8,7,5,7,7,7,5,4,4,3,3,2,3,5,6,6,7,6,8,10,11,12,14,8,11,8,6,4,7,5,5,6,4,6,9,8,10,10,10,8,10,11,10,6,5,4,6,5,3,5,8,9,10,12,11,12,11,7,10,8,11,10,11,8,5,5,3,4,4,6,2,4,8,9,4,3,3,4,3,3,3,3,2,2,1,1,2,3,4,3,6,5,5,6,6,5,5,5,4,6,7,7,7,7,5,2,3,6,7,7,4,5,6,6,8,7,11,10,10,7,8,7,7,4,6,4,4,5,8,8,9,6,7,5,4,3,4,6,7,7,6,8,9,9,9,8,6,4,8,5,3,6,9,9,8,6,6,8,8,8,8,8,8,8
81,6,7,6,11,9,8,7,9,7,10,9,12,10,9,13,13,13,10,10,10,8,6,3,4,5,5,8,6,6,6,7,7,9,11,11,9,8,7,6,5,6,9,3,2,3,3,2,3,5,5,5,2,4,7,6,9,9,13,10,10,10,5,4,3,6,6,6,6,3,3,5,4,6,7,8,8,9,8,8,4,4,3,3,4,3,5,9,7,7,8,10,10,11,9,9,6,9,9,9,9,10,9,7,7,8,8,7,9,8,12,9,7,9,10,8,6,9,6,3,4,3,3,4,4,5,4,6,5,5,7,7,6,6,6,4,5,6,6,7,10,10,7,5,7,7,5,5,6,10,7,7,8,11,8,5,4,4,1,1,2,2,3,5,5,7,7,7,5,5,4,4,3,4,5,5,4,4,4,4,4,4,4,3,3,3,4,4,6,5,5,5,4,2,0,2,4,5,5,5,10
82,8,10,8,11,12,10,8,10,11,10,12,12,14,12,15,17,17,17,13,7,7,6,6,6,4,4,6,5,6,5,6,6,7,8,10,7,9,7,5,4,6,8,5,3,2,2,2,2,4,5,5,5,6,11,10,13,11,15,12,15,13,8,6,4,6,9,8,5,3,3,2,2,3,4,3,3,4,4,4,3,3,3,3,3,4,4,4,7,6,5,7,6,7,8,6,8,11,10,11,15,16,15,11,7,8,7,8,13,12,15,11,11,14,14,9,10,12,7,4,7,4,1,4,2,2,2,2,5,7,6,8,7,9,8,9,7,11,11,9,11,11,9,7,6,5,4,4,5,10,7,4,3,5,4,1,2,3,6,7,6,5,4,5,4,5,5,6,5,5,8,8,4,4,4,4,4,4,4,4,5,4,5,5,4,4,5,4,6,6,6,6,6,4,2,1,5,5,4,4,7
83,4,6,6,8,10,8,7,8,12,12,14,12,14,12,13,12,12,14,8,5,7,6,7,7,6,8,10,8,7,6,8,4,4,5,4,3,4,1,0,1,4,4,8,5,2,2,3,4,3,6,9,10,6,9,10,11,12,15,14,14,13,10,7,7,6,8,8,6,5,3,2,3,4,4,4,5,5,4,1,1,2,2,2,2,3,2,3,9,8,11,11,9,9,5,6,5,5,4,4,7,6,6,5,3,3,3,3,8,8,8,5,8,8,8,5,6,6,4,3,5,2,1,3,1,1,3,4,5,8,6,8,7,14,10,9,9,10,7,6,6,7,5,4,4,4,2,2,4,7,5,6,5,8,7,3,3,4,8,11,15,10,8,7,5,6,5,4,5,4,6,7,4,4,4,4,4,3,3,3,4,3,5,5,5,5,4,4,5,3,3,4,4,4,5,6,5,6,6,8,6
84,3,5,4,7,8,6,5,4,5,8,9,9,10,8,9,9,9,7,4,4,5,4,6,5,4,6,10,8,9,5,7,4,5,7,5,3,4,6,5,7,7,10,10,5,3,3,4,5,3,6,10,11,7,9,7,9,11,12,11,8,10,7,7,7,5,5,3,3,4,3,3,5,7,8,9,7,11,8,6,4,6,6,7,8,5,5,5,6,4,8,7,9,9,3,4,2,2,3,5,4,4,3,4,3,2,1,2,3,5,4,5,7,7,7,5,3,4,4,3,4,3,5,7,4,6,6,4,5,5,5,4,3,7,5,5,4,5,5,7,7,6,5,4,4,6,5,6,7,7,3,6,6,8,6,8,8,7,9,11,12,9,8,7,4,5,5,2,4,2,4,4,3,3,3,3,4,3,2,2,2,2,3,3,4,4,6,6,8,7,8,11,10,11,12,14,8,7,8,10,6
85,8,9,7,6,5,1,1,1,2,5,7,8,9,8,8,9,9,6,5,5,6,6,7,5,4,4,4,3,6,4,4,3,3,6,7,7,8,12,11,10,9,10,6,4,3,5,8,4,4,5,9,9,9,8,6,8,10,10,8,8,7,6,5,6,2,3,1,1,1,0,0,5,10,13,12,10,14,11,8,7,10,11,10,10,7,7,7,6,3,1,3,4,5,6,7,7,9,11,10,6,5,7,10,9,4,6,7,9,14,11,10,12,12,11,8,7,10,8,9,10,7,8,10,8,10,11,9,8,6,5,4,4,4,4,1,1,7,7,7,7,7,6,6,4,5,5,7,7,4,9,8,8,7,7,11,10,9,7,9,7,5,6,5,4,3,4,3,3,2,4,3,4,3,4,5,5,6,7,6,6,6,7,6,4,6,7,6,6,9,10,11,13,15,16,16,11,10,8,7,6
86,8,7,6,5,2,1,0,0,1,3,7,7,9,9,9,8,7,7,7,5,3,6,6,6,6,6,4,4,4,9,6,6,6,7,10,10,10,10,14,12,14,10,7,7,6,7,9,4,5,6,7,12,13,9,10,11,12,12,8,9,5,5,7,9,4,5,2,3,5,3,3,7,9,7,9,7,7,6,8,7,10,11,9,5,7,6,8,9,7,3,5,3,6,11,13,12,15,14,11,9,4,5,7,7,5,8,8,12,15,13,10,8,9,10,10,10,10,8,8,8,6,7,5,5,6,6,7,8,6,5,4,5,6,5,1,2,6,7,9,6,8,7,7,4,4,4,6,6,6,9,8,6,6,5,6,5,8,6,12,11,8,8,9,7,5,4,3,2,3,4,3,5,5,5,6,4,5,7,6,7,7,9,9,7,9,7,4,5,7,8,6,7,9,9,10,8,11,8,8,9
87,4,4,5,5,2,3,1,1,2,4,6,5,6,7,7,9,7,8,12,12,10,8,7,6,6,6,7,7,6,9,5,8,9,8,10,11,12,14,13,11,11,10,11,7,6,7,9,6,6,6,7,9,11,9,9,8,8,8,5,6,6,6,10,9,8,7,7,7,7,8,5,7,7,6,6,4,6,4,7,7,9,10,9,10,11,9,11,12,10,6,5,5,7,8,12,10,12,9,7,7,6,3,4,7,9,8,7,11,11,9,7,7,7,8,11,9,9,7,7,5,3,5,5,4,4,3,3,5,3,3,3,4,3,0,1,2,5,6,8,5,5,5,5,3,4,4,4,3,6,6,5,3,3,2,1,1,4,3,6,6,5,4,7,7,5,4,3,5,6,6,7,6,8,6,7,6,5,4,4,7,5,3,5,5,5,6,3,5,6,8,8,5,5,6,5,6,7,7,7,7
88,4,6,8,8,6,8,7,9,8,6,9,9,8,9,9,10,10,12,12,14,15,11,8,6,7,9,8,9,7,6,4,6,7,7,7,8,9,10,7,6,3,5,6,5,5,8,9,7,7,5,6,3,3,4,3,4,4,4,4,1,4,4,6,5,7,5,6,6,4,6,3,5,5,6,5,4,5,3,5,5,2,4,3,8,8,6,6,12,10,11,8,6,7,8,9,6,6,4,4,2,4,4,7,11,11,8,6,10,11,11,8,8,6,5,10,8,8,7,7,6,3,3,5,6,5,5,6,8,5,7,7,7,8,6,5,5,5,3,2,5,5,4,2,2,5,4,2,2,6,8,7,5,4,4,2,2,2,2,1,1,4,4,5,5,5,4,3,5,4,4,7,7,10,8,8,7,7,7,8,9,6,4,6,5,6,7,5,5,7,8,7,3,2,1,1,5,5,4,4,2
89,7,10,11,12,10,10,10,11,11,8,9,9,9,8,8,8,10,10,6,6,7,8,6,5,7,8,7,6,5,5,5,5,5,6,5,6,7,3,3,2,2,3,0,2,5,5,3,3,5,5,6,6,5,5,4,2,3,3,5,3,0,0,0,3,5,5,5,5,8,5,6,8,8,6,7,5,4,2,3,3,1,2,3,3,6,4,5,7,9,10,6,5,6,5,5,3,3,3,3,1,1,2,4,6,4,4,4,6,7,6,5,4,2,2,4,3,3,3,4,3,1,0,3,6,6,8,8,7,4,6,7,7,7,7,6,4,4,2,2,5,6,5,2,2,6,5,4,4,8,9,10,7,7,5,4,2,2,2,1,2,3,4,4,3,4,3,2,1,1,3,2,3,6,5,4,3,3,4,5,5,6,7,8,6,8,7,6,5,6,5,5,4,3,5,5,8,7,5,5,2
90,5,9,6,11,9,12,11,11,9,9,6,6,6,6,9,12,12,12,9,8,6,9,7,7,9,10,11,6,6,7,7,6,5,6,4,4,7,5,4,5,4,5,0,0,2,1,3,4,6,7,8,9,7,9,10,8,8,7,6,7,3,3,2,6,4,4,4,5,9,10,10,14,12,11,13,11,11,8,7,6,4,4,4,2,5,4,8,7,7,5,3,4,6,7,7,9,8,8,9,9,6,11,5,6,7,6,5,6,6,6,6,2,1,1,1,2,4,6,9,4,6,5,6,9,12,10,5,4,4,4,4,4,4,2,3,1,1,1,0,0,1,1,0,0,1,1,2,3,4,4,5,4,4,1,2,0,0,0,0,1,0,1,2,3,3,3,3,3,4,6,4,4,4,4,5,5,6,4,6,6,9,9,9,10,9,8,9,7,8,8,9,10,9,14,13,13,10,9,7,5
91,8,10,6,8,5,7,7,7,6,5,5,5,5,7,10,13,13,15,12,10,10,11,8,8,10,10,10,9,6,8,8,6,4,3,2,2,6,7,4,6,2,4,2,4,4,4,5,7,8,8,8,7,6,7,9,10,10,8,5,6,5,4,2,3,1,2,2,3,2,5,4,6,5,8,8,9,8,7,8,7,5,5,2,1,2,3,5,3,2,3,3,3,5,8,8,10,11,9,10,10,7,13,5,6,7,6,6,7,7,7,7,3,1,1,1,1,3,5,7,3,7,8,8,9,11,6,6,5,5,5,2,2,5,4,5,4,7,7,4,2,2,2,2,1,1,2,2,3,3,2,1,4,4,3,3,3,3,3,4,4,3,3,4,5,5,5,5,6,6,6,6,5,4,4,5,5,7,4,5,5,8,7,8,9,7,7,8,6,7,7,8,9,8,11,9,7,6,5,2,3
92,9,10,8,9,8,7,6,11,15,8,8,6,6,5,5,9,9,11,9,9,10,8,8,7,8,8,8,7,7,6,3,2,1,0,0,0,2,4,4,6,5,7,5,5,5,5,3,4,7,7,7,4,2,2,2,3,3,3,4,3,4,3,3,2,4,6,5,5,2,2,3,2,3,3,2,3,3,2,4,6,5,5,4,3,3,2,3,2,5,5,6,6,5,5,5,5,6,5,3,3,3,3,3,1,1,3,3,3,4,3,5,4,4,3,3,4,4,3,3,4,5,6,5,7,7,5,9,8,7,9,6,3,4,6,6,5,9,8,5,2,3,6,5,6,5,5,5,2,3,5,3,6,5,7,9,11,9,6,5,4,3,3,5,5,5,8,8,5,4,3,3,5,6,6,6,4,3,3,5,3,3,3,6,6,5,5,5,6,6,4,5,8,9,10,6,6,7,4,3,2
93,6,6,8,11,11,12,8,14,17,13,11,10,10,8,10,15,15,15,16,14,11,7,7,6,7,9,6,8,12,5,1,0,0,1,1,2,4,5,7,7,10,9,8,7,4,3,2,3,5,3,6,5,3,5,5,4,4,7,11,9,7,10,5,4,4,5,4,5,3,4,5,6,6,5,5,3,6,6,8,5,7,6,7,5,8,6,9,8,9,10,10,7,7,4,3,3,3,3,2,3,4,3,6,3,4,6,9,9,8,6,8,9,9,5,3,4,4,4,6,7,7,7,6,7,6,5,8,6,5,10,8,6,5,5,7,5,5,4,3,2,3,5,5,7,6,5,5,3,4,6,7,4,2,5,8,10,9,5,4,3,3,3,5,4,5,8,8,4,3,3,3,6,7,7,7,5,4,5,7,5,5,5,7,7,6,6,6,8,8,5,5,8,9,10,9,9,11,8,7,5
94,7,6,7,6,7,7,3,5,6,8,6,6,6,5,7,8,10,10,17,15,11,6,5,6,7,9,4,7,9,7,6,6,6,7,5,9,10,7,6,5,10,9,7,7,7,6,11,7,8,8,9,12,9,13,11,9,6,10,16,14,10,13,9,9,9,6,4,4,4,7,8,14,11,8,9,8,11,10,11,6,7,9,11,8,10,10,13,10,9,9,9,5,7,7,8,7,10,8,7,8,9,9,8,7,6,6,10,10,7,7,9,12,8,5,5,7,9,8,9,8,11,8,4,4,3,3,5,5,6,10,7,9,9,7,8,6,5,4,2,2,3,2,3,3,3,3,4,6,7,9,8,4,3,4,5,7,8,8,9,9,8,8,5,4,5,6,4,4,4,3,3,3,3,3,3,3,3,3,3,3,4,4,3,3,4,4,4,5,5,4,3,4,4,6,9,8,8,8,8,8
95,9,8,7,4,6,6,3,3,5,5,4,2,8,10,8,8,8,6,9,9,9,5,4,4,4,6,4,4,3,5,5,6,7,7,4,9,8,5,3,4,7,7,4,4,6,6,11,6,9,10,8,11,8,12,10,8,9,12,17,15,11,13,12,12,14,12,10,7,4,6,7,11,8,5,8,7,7,5,4,4,3,5,7,5,4,4,5,5,5,5,5,4,7,9,10,10,12,11,13,11,9,8,6,7,5,6,8,11,9,9,9,12,9,7,7,10,10,7,8,7,8,5,1,1,1,1,3,4,5,6,4,5,5,4,3,3,3,2,0,1,4,3,4,4,2,2,3,4,5,8,8,7,8,9,8,10,9,12,12,9,8,9,7,7,6,5,3,4,3,2,2,2,1,1,1,0,0,0,1,2,3,3,1,2,3,2,3,5,4,5,3,2,4,6,10,9,10,8,10,5
96,11,8,7,5,6,6,5,4,7,9,7,6,11,13,11,9,8,7,4,4,6,3,3,1,4,6,6,2,1,2,1,1,2,2,2,5,5,5,4,3,5,5,3,5,4,5,5,5,5,4,5,6,6,11,11,11,12,15,17,15,12,13,11,9,10,8,7,6,4,4,4,5,6,5,6,6,3,1,2,1,1,0,1,3,4,2,2,3,4,5,6,5,6,5,5,7,5,5,7,6,5,5,3,5,7,6,6,10,9,8,6,8,7,5,2,3,2,1,4,3,1,2,2,3,4,4,5,2,3,4,4,4,5,6,6,6,5,5,4,3,4,3,2,5,6,5,5,6,7,7,7,7,5,6,4,6,5,7,8,4,3,5,5,5,6,4,4,5,4,3,3,4,3,5,2,3,2,2,1,2,2,1,1,3,3,3,4,7,7,7,5,3,6,7,9,9,10,9,11,7
97,6,5,5,6,7,7,8,5,7,13,9,12,10,11,11,8,8,9,8,8,8,7,8,7,9,8,10,8,4,5,3,2,2,4,7,7,8,11,9,6,7,7,7,8,3,4,5,5,5,5,8,12,8,12,12,13,9,10,12,10,10,9,11,10,9,6,5,6,8,7,7,9,10,9,10,10,8,6,6,5,4,4,2,3,6,6,4,7,8,9,8,7,8,6,8,10,9,8,2,4,4,4,3,2,4,3,2,3,4,6,7,7,7,9,8,9,9,7,7,8,8,8,6,6,10,8,9,4,7,10,9,10,11,12,14,12,9,8,9,9,6,5,6,8,9,7,7,8,9,10,9,8,6,5,4,6,7,6,7,5,6,3,3,3,6,3,3,5,6,5,5,7,6,7,3,5,4,3,3,3,5,5,5,5,5,5,4,3,4,3,4,4,6,7,9,8,8,7,7,7
98,6,9,7,10,9,9,10,5,9,12,7,9,13,14,13,11,12,10,10,9,8,6,8,8,8,9,8,6,5,5,3,2,3,3,6,6,9,12,13,12,10,9,11,13,6,7,9,8,10,10,10,15,9,10,13,12,10,10,11,11,11,10,11,10,8,6,8,8,8,7,6,5,6,9,9,11,10,7,6,8,9,8,8,5,6,7,5,7,8,8,5,5,8,7,8,9,8,7,2,3,1,2,3,1,3,2,2,2,3,5,5,5,6,11,10,10,9,8,8,9,9,6,4,5,11,8,8,7,11,11,7,8,7,7,10,10,6,5,9,9,5,5,7,6,7,7,8,8,6,8,8,7,8,8,8,11,12,9,12,10,13,10,11,7,9,5,5,5,5,6,5,7,7,7,7,8,7,6,5,5,6,8,11,9,12,7,4,1,2,3,3,6,8,9,12,11,8,9,11,10
99,7,8,10,11,10,8,8,6,7,4,4,3,8,8,6,6,6,6,8,10,5,6,5,3,4,7,7,5,4,4,2,3,4,2,4,7,11,11,12,12,8,9,10,12,9,8,9,7,10,11,5,8,8,9,10,9,9,14,13,12,10,8,8,7,5,6,8,9,6,6,4,4,4,8,8,10,8,6,8,8,11,7,11,12,10,11,8,9,6,5,4,4,6,6,5,6,4,2,2,2,1,3,5,4,6,4,5,6,6,7,6,4,5,8,9,8,7,6,6,6,5,3,3,3,6,6,8,9,10,10,5,6,4,3,7,9,7,6,10,8,6,5,5,5,5,5,6,8,5,8,9,6,7,9,10,10,9,7,13,13,11,11,10,6,8,7,6,4,3,5,5,3,4,5,5,6,5,5,5,5,5,6,7,6,10,6,5,4,4,4,4,7,8,7,8,6,6,10,10,12
100,5,4,8,9,10,11,9,12,6,5,4,6,7,5,8,10,12,13,14,15,10,13,7,3,3,5,5,5,3,3,1,4,5,7,10,12,16,14,14,12,8,11,10,8,7,6,7,4,5,6,3,5,7,8,7,7,8,17,15,11,11,9,9,9,7,7,6,7,5,5,4,7,7,6,7,9,9,7,7,5,7,4,5,8,8,9,6,6,5,6,7,6,7,8,6,8,10,10,8,10,10,9,10,8,8,8,11,10,12,11,13,8,11,12,10,14,11,10,9,10,9,10,10,7,10,9,7,7,5,7,9,9,6,8,11,10,11,6,10,8,10,7,8,8,7,5,5,7,6,9,10,8,11,14,13,12,11,8,8,10,5,7,6,8,9,7,6,4,4,6,6,2,3,2,2,3,3,5,4,5,5,4,3,3,4,6,7,7,2,1,3,4,6,4,6,2,5,6,9,10
